{"R2":0.7229996259354763,"RMSE":73.4592195343744,"model":"linear_reg_1"}
