{"R2":0.7229996254387352,"RMSE":73.45921960024111,"model":"linear_reg_1"}
