{"R2":0.749297634487301,"RMSE":69.88522182315187,"model":"GBT_no_tune"}
