{"R2":0.7276135190670916,"RMSE":72.84485892524282,"model":"linear_reg_tuned"}
